{
  "ci": {
    "collect": {
      "url": ["http://localhost:3000"],
      "startServerCommand": "serve -s client/dist -l 3000",
      "numberOfRuns": 3
    },
    "assert": {
      "assertions": {
        "categories:performance": ["error", {"minScore": 0.9}],
        "categories:accessibility": ["error", {"minScore": 0.9}],
        "categories:best-practices": ["error", {"minScore": 0.9}],
        "categories:seo": ["error", {"minScore": 0.9}],
        "categories:pwa": ["error", {"minScore": 0.9}]
      }
    },
    "upload": {
      "target": "temporary-public-storage"
    }
  }
}