{
  "dashboard": {
    "id": null,
    "title": "FRONSCIERS Platform Monitoring",
    "tags": ["fronsciers", "blockchain", "academic"],
    "timezone": "browser",
    "panels": [
      {
        "id": 1,
        "title": "Application Health Overview",
        "type": "stat",
        "targets": [
          {
            "expr": "up{job=\"fronsciers-backend\"}",
            "legendFormat": "Backend Status"
          }
        ],
        "fieldConfig": {
          "defaults": {
            "color": {
              "mode": "thresholds"
            },
            "thresholds": {
              "steps": [
                {"color": "red", "value": 0},
                {"color": "green", "value": 1}
              ]
            }
          }
        },
        "gridPos": {"h": 8, "w": 6, "x": 0, "y": 0}
      },
      {
        "id": 2,
        "title": "Request Rate",
        "type": "graph",
        "targets": [
          {
            "expr": "rate(http_requests_total{job=\"fronsciers-backend\"}[5m])",
            "legendFormat": "Requests/sec"
          }
        ],
        "gridPos": {"h": 8, "w": 12, "x": 6, "y": 0}
      },
      {
        "id": 3,
        "title": "Response Time (95th percentile)",
        "type": "graph",
        "targets": [
          {
            "expr": "histogram_quantile(0.95, rate(http_request_duration_seconds_bucket{job=\"fronsciers-backend\"}[5m]))",
            "legendFormat": "95th percentile"
          }
        ],
        "gridPos": {"h": 8, "w": 6, "x": 18, "y": 0}
      },
      {
        "id": 4,
        "title": "Error Rate",
        "type": "graph",
        "targets": [
          {
            "expr": "rate(http_requests_total{job=\"fronsciers-backend\",status=~\"5..\"}[5m]) / rate(http_requests_total{job=\"fronsciers-backend\"}[5m])",
            "legendFormat": "Error Rate"
          }
        ],
        "gridPos": {"h": 8, "w": 12, "x": 0, "y": 8}
      },
      {
        "id": 5,
        "title": "Database Connections",
        "type": "graph",
        "targets": [
          {
            "expr": "pg_stat_database_numbackends",
            "legendFormat": "Active Connections"
          },
          {
            "expr": "pg_settings_max_connections",
            "legendFormat": "Max Connections"
          }
        ],
        "gridPos": {"h": 8, "w": 12, "x": 12, "y": 8}
      },
      {
        "id": 6,
        "title": "Solana Transaction Status",
        "type": "stat",
        "targets": [
          {
            "expr": "rate(solana_successful_transactions_total[5m])",
            "legendFormat": "Success Rate"
          },
          {
            "expr": "rate(solana_failed_transactions_total[5m])",
            "legendFormat": "Failure Rate"
          }
        ],
        "gridPos": {"h": 8, "w": 8, "x": 0, "y": 16}
      },
      {
        "id": 7,
        "title": "Memory Usage",
        "type": "graph",
        "targets": [
          {
            "expr": "container_memory_usage_bytes{pod=~\"fronsciers-backend-.*\"} / 1024 / 1024",
            "legendFormat": "Memory Usage (MB)"
          }
        ],
        "gridPos": {"h": 8, "w": 8, "x": 8, "y": 16}
      },
      {
        "id": 8,
        "title": "CPU Usage",
        "type": "graph",
        "targets": [
          {
            "expr": "rate(container_cpu_usage_seconds_total{pod=~\"fronsciers-backend-.*\"}[5m]) * 100",
            "legendFormat": "CPU Usage (%)"
          }
        ],
        "gridPos": {"h": 8, "w": 8, "x": 16, "y": 16}
      },
      {
        "id": 9,
        "title": "IPFS Storage Usage",
        "type": "graph",
        "targets": [
          {
            "expr": "ipfs_repo_size_bytes / 1024 / 1024 / 1024",
            "legendFormat": "Storage (GB)"
          }
        ],
        "gridPos": {"h": 8, "w": 12, "x": 0, "y": 24}
      },
      {
        "id": 10,
        "title": "Network Traffic",
        "type": "graph",
        "targets": [
          {
            "expr": "rate(container_network_receive_bytes_total[5m])",
            "legendFormat": "Inbound"
          },
          {
            "expr": "rate(container_network_transmit_bytes_total[5m])",
            "legendFormat": "Outbound"
          }
        ],
        "gridPos": {"h": 8, "w": 12, "x": 12, "y": 24}
      }
    ],
    "time": {
      "from": "now-1h",
      "to": "now"
    },
    "refresh": "30s"
  }
}